Metric,Value
antenna__violating__nets,0
antenna__violating__pins,0
antenna_diodes_count,13
clock__skew__worst_hold,-0.3533
clock__skew__worst_hold__corner:max_ff_n40C_1v95,-0.3596
clock__skew__worst_hold__corner:max_ss_100C_1v60,-0.5280
clock__skew__worst_hold__corner:max_tt_025C_1v80,-0.4086
clock__skew__worst_hold__corner:min_ff_n40C_1v95,-0.3533
clock__skew__worst_hold__corner:min_ss_100C_1v60,-0.5245
clock__skew__worst_hold__corner:min_tt_025C_1v80,-0.4043
clock__skew__worst_hold__corner:nom_ff_n40C_1v95,-0.3548
clock__skew__worst_hold__corner:nom_ss_100C_1v60,-0.5254
clock__skew__worst_hold__corner:nom_tt_025C_1v80,-0.4050
clock__skew__worst_setup,0.3732
clock__skew__worst_setup__corner:max_ff_n40C_1v95,0.3927
clock__skew__worst_setup__corner:max_ss_100C_1v60,0.5743
clock__skew__worst_setup__corner:max_tt_025C_1v80,0.4475
clock__skew__worst_setup__corner:min_ff_n40C_1v95,0.3732
clock__skew__worst_setup__corner:min_ss_100C_1v60,0.5537
clock__skew__worst_setup__corner:min_tt_025C_1v80,0.4269
clock__skew__worst_setup__corner:nom_ff_n40C_1v95,0.3787
clock__skew__worst_setup__corner:nom_ss_100C_1v60,0.5595
clock__skew__worst_setup__corner:nom_tt_025C_1v80,0.4325
design__core__area,987359
design__core__bbox,5.52 10.88 1000.04 1003.68
design__critical_disconnected_pin__count,0
design__die__area,1022380.0000
design__die__bbox,0.0 0.0 1005.78 1016.5
design__disconnected_pin__count,0
design__inferred_latch__count,0
design__instance__area,987359
design__instance__area__class:antenna_cell,73087.6000
design__instance__area__class:buffer,39545.4000
design__instance__area__class:clock_buffer,21719.6000
design__instance__area__class:clock_inverter,3062.9400
design__instance__area__class:fill_cell,240890
design__instance__area__class:inverter,5270.0500
design__instance__area__class:multi_input_combinational_cell,221272
design__instance__area__class:sequential_cell,230486
design__instance__area__class:tap_cell,17678.2000
design__instance__area__class:timing_repair_buffer,134348
design__instance__area__cover,0
design__instance__area__macros,0
design__instance__area__padcells,0
design__instance__area__stdcell,746470
design__instance__count,142116
design__instance__count__class:antenna_cell,29207
design__instance__count__class:buffer,10436
design__instance__count__class:clock_buffer,1527
design__instance__count__class:clock_inverter,248
design__instance__count__class:fill_cell,42962
design__instance__count__class:inverter,1404
design__instance__count__class:multi_input_combinational_cell,17671
design__instance__count__class:sequential_cell,10544
design__instance__count__class:tap_cell,14129
design__instance__count__class:timing_repair_buffer,13988
design__instance__count__cover,0
design__instance__count__hold_buffer,4
design__instance__count__macros,0
design__instance__count__padcells,0
design__instance__count__setup_buffer,31
design__instance__count__stdcell,99154
design__instance__displacement__max,30.6600
design__instance__displacement__mean,0.0910
design__instance__displacement__total,9104.9800
design__instance__utilization,0.7560
design__instance__utilization__stdcell,0.7560
design__instance_unmapped__count,0
design__io,245
design__io__hpwl,57178466
design__lint_error__count,0
design__lint_timing_construct__count,0
design__lint_warning__count,26
design__lvs_device_difference__count,0
design__lvs_error__count,0
design__lvs_net_difference__count,0
design__lvs_property_fail__count,0
design__lvs_unmatched_device__count,0
design__lvs_unmatched_net__count,0
design__lvs_unmatched_pin__count,0
design__max_cap_violation__count,0
design__max_cap_violation__count__corner:max_ff_n40C_1v95,0
design__max_cap_violation__count__corner:max_ss_100C_1v60,0
design__max_cap_violation__count__corner:max_tt_025C_1v80,0
design__max_cap_violation__count__corner:min_ff_n40C_1v95,0
design__max_cap_violation__count__corner:min_ss_100C_1v60,0
design__max_cap_violation__count__corner:min_tt_025C_1v80,0
design__max_cap_violation__count__corner:nom_ff_n40C_1v95,0
design__max_cap_violation__count__corner:nom_ss_100C_1v60,0
design__max_cap_violation__count__corner:nom_tt_025C_1v80,0
design__max_fanout_violation__count,2750
design__max_fanout_violation__count__corner:max_ff_n40C_1v95,2750
design__max_fanout_violation__count__corner:max_ss_100C_1v60,2750
design__max_fanout_violation__count__corner:max_tt_025C_1v80,2750
design__max_fanout_violation__count__corner:min_ff_n40C_1v95,2750
design__max_fanout_violation__count__corner:min_ss_100C_1v60,2750
design__max_fanout_violation__count__corner:min_tt_025C_1v80,2750
design__max_fanout_violation__count__corner:nom_ff_n40C_1v95,2750
design__max_fanout_violation__count__corner:nom_ss_100C_1v60,2750
design__max_fanout_violation__count__corner:nom_tt_025C_1v80,2750
design__max_slew_violation__count,4783
design__max_slew_violation__count__corner:max_ff_n40C_1v95,0
design__max_slew_violation__count__corner:max_ss_100C_1v60,4783
design__max_slew_violation__count__corner:max_tt_025C_1v80,84
design__max_slew_violation__count__corner:min_ff_n40C_1v95,0
design__max_slew_violation__count__corner:min_ss_100C_1v60,4748
design__max_slew_violation__count__corner:min_tt_025C_1v80,84
design__max_slew_violation__count__corner:nom_ff_n40C_1v95,0
design__max_slew_violation__count__corner:nom_ss_100C_1v60,4761
design__max_slew_violation__count__corner:nom_tt_025C_1v80,84
design__power_grid_violation__count,0
design__power_grid_violation__count__net:VGND,0
design__power_grid_violation__count__net:VPWR,0
design__rows,365
design__rows:unithd,365
design__sites,789130
design__sites:unithd,789130
design__violations,0
design__xor_difference__count,0
design_powergrid__drop__average__net:VGND__corner:nom_tt_025C_1v80,0.0002
design_powergrid__drop__average__net:VPWR__corner:nom_tt_025C_1v80,1.7998
design_powergrid__drop__worst,0.0010
design_powergrid__drop__worst__net:VGND,0.0010
design_powergrid__drop__worst__net:VGND__corner:nom_tt_025C_1v80,0.0010
design_powergrid__drop__worst__net:VPWR,0.0009
design_powergrid__drop__worst__net:VPWR__corner:nom_tt_025C_1v80,0.0009
design_powergrid__voltage__worst,0.0010
design_powergrid__voltage__worst__net:VGND,0.0010
design_powergrid__voltage__worst__net:VGND__corner:nom_tt_025C_1v80,0.0010
design_powergrid__voltage__worst__net:VPWR,1.7991
design_powergrid__voltage__worst__net:VPWR__corner:nom_tt_025C_1v80,1.7991
floorplan__design__io,243
flow__errors__count,0
flow__warnings__count,1
flow__warnings__count:DRT-0349,10
flow__warnings__count:EST-0026,1001
flow__warnings__count:GRT-0281,4
flow__warnings__count:ODB-0220,2
flow__warnings__count:ORD-0039,1
flow__warnings__count:RSZ-0020,1
flow__warnings__count:RSZ-0062,1
flow__warnings__count:STA-1140,6
flow__warnings__type_count,1
global_route__vias,347
global_route__wirelength,2727369
ir__drop__avg,0.0002
ir__drop__worst,0.0009
ir__voltage__worst,1.8000
magic__drc_error__count,0
magic__illegal_overlap__count,0
power__internal__total,0.0788
power__leakage__total,0.0000
power__switching__total,0.0316
power__total,0.1104
route__antenna_violation__count,0
route__drc_errors,0
route__drc_errors__iter:0,381
route__drc_errors__iter:1,44
route__drc_errors__iter:2,48
route__drc_errors__iter:3,0
route__drc_errors__iter:4,30
route__drc_errors__iter:5,0
route__net,55459
route__net__special,2
route__vias,416971
route__vias__multicut,0
route__vias__singlecut,416971
route__wirelength,1809667
route__wirelength__estimated,1590920.0000
route__wirelength__iter:0,1809770
route__wirelength__iter:1,1809717
route__wirelength__iter:2,1809694
route__wirelength__iter:3,1809667
route__wirelength__iter:4,1809657
route__wirelength__iter:5,1809646
route__wirelength__max,1045.1000
synthesis__check_error__count,0
timing__drv__floating__nets,2
timing__drv__floating__pins,0
timing__hold__tns,0.0000
timing__hold__tns__corner:max_ff_n40C_1v95,0.0000
timing__hold__tns__corner:max_ss_100C_1v60,0.0000
timing__hold__tns__corner:max_tt_025C_1v80,0.0000
timing__hold__tns__corner:min_ff_n40C_1v95,0.0000
timing__hold__tns__corner:min_ss_100C_1v60,0.0000
timing__hold__tns__corner:min_tt_025C_1v80,0.0000
timing__hold__tns__corner:nom_ff_n40C_1v95,0.0000
timing__hold__tns__corner:nom_ss_100C_1v60,0.0000
timing__hold__tns__corner:nom_tt_025C_1v80,0.0000
timing__hold__wns,0.0000
timing__hold__wns__corner:max_ff_n40C_1v95,0.0000
timing__hold__wns__corner:max_ss_100C_1v60,0.0000
timing__hold__wns__corner:max_tt_025C_1v80,0.0000
timing__hold__wns__corner:min_ff_n40C_1v95,0.0000
timing__hold__wns__corner:min_ss_100C_1v60,0.0000
timing__hold__wns__corner:min_tt_025C_1v80,0.0000
timing__hold__wns__corner:nom_ff_n40C_1v95,0.0000
timing__hold__wns__corner:nom_ss_100C_1v60,0.0000
timing__hold__wns__corner:nom_tt_025C_1v80,0.0000
timing__hold__ws,0.0749
timing__hold__ws__corner:max_ff_n40C_1v95,0.0942
timing__hold__ws__corner:max_ss_100C_1v60,0.0749
timing__hold__ws__corner:max_tt_025C_1v80,0.2953
timing__hold__ws__corner:min_ff_n40C_1v95,0.0938
timing__hold__ws__corner:min_ss_100C_1v60,0.1122
timing__hold__ws__corner:min_tt_025C_1v80,0.2948
timing__hold__ws__corner:nom_ff_n40C_1v95,0.0939
timing__hold__ws__corner:nom_ss_100C_1v60,0.0987
timing__hold__ws__corner:nom_tt_025C_1v80,0.2950
timing__hold_r2r__ws,0.0938
timing__hold_r2r__ws__corner:max_ff_n40C_1v95,0.0942
timing__hold_r2r__ws__corner:max_ss_100C_1v60,0.8359
timing__hold_r2r__ws__corner:max_tt_025C_1v80,0.2953
timing__hold_r2r__ws__corner:min_ff_n40C_1v95,0.0938
timing__hold_r2r__ws__corner:min_ss_100C_1v60,0.8353
timing__hold_r2r__ws__corner:min_tt_025C_1v80,0.2948
timing__hold_r2r__ws__corner:nom_ff_n40C_1v95,0.0939
timing__hold_r2r__ws__corner:nom_ss_100C_1v60,0.8355
timing__hold_r2r__ws__corner:nom_tt_025C_1v80,0.2950
timing__hold_r2r_vio__count,0
timing__hold_r2r_vio__count__corner:max_ff_n40C_1v95,0
timing__hold_r2r_vio__count__corner:max_ss_100C_1v60,0
timing__hold_r2r_vio__count__corner:max_tt_025C_1v80,0
timing__hold_r2r_vio__count__corner:min_ff_n40C_1v95,0
timing__hold_r2r_vio__count__corner:min_ss_100C_1v60,0
timing__hold_r2r_vio__count__corner:min_tt_025C_1v80,0
timing__hold_r2r_vio__count__corner:nom_ff_n40C_1v95,0
timing__hold_r2r_vio__count__corner:nom_ss_100C_1v60,0
timing__hold_r2r_vio__count__corner:nom_tt_025C_1v80,0
timing__hold_vio__count,0
timing__hold_vio__count__corner:max_ff_n40C_1v95,0
timing__hold_vio__count__corner:max_ss_100C_1v60,0
timing__hold_vio__count__corner:max_tt_025C_1v80,0
timing__hold_vio__count__corner:min_ff_n40C_1v95,0
timing__hold_vio__count__corner:min_ss_100C_1v60,0
timing__hold_vio__count__corner:min_tt_025C_1v80,0
timing__hold_vio__count__corner:nom_ff_n40C_1v95,0
timing__hold_vio__count__corner:nom_ss_100C_1v60,0
timing__hold_vio__count__corner:nom_tt_025C_1v80,0
timing__setup__tns,-42.6945
timing__setup__tns__corner:max_ff_n40C_1v95,0.0000
timing__setup__tns__corner:max_ss_100C_1v60,-42.6945
timing__setup__tns__corner:max_tt_025C_1v80,0.0000
timing__setup__tns__corner:min_ff_n40C_1v95,0.0000
timing__setup__tns__corner:min_ss_100C_1v60,-41.3407
timing__setup__tns__corner:min_tt_025C_1v80,0.0000
timing__setup__tns__corner:nom_ff_n40C_1v95,0.0000
timing__setup__tns__corner:nom_ss_100C_1v60,-41.7049
timing__setup__tns__corner:nom_tt_025C_1v80,0.0000
timing__setup__wns,-2.0232
timing__setup__wns__corner:max_ff_n40C_1v95,0.0000
timing__setup__wns__corner:max_ss_100C_1v60,-2.0232
timing__setup__wns__corner:max_tt_025C_1v80,0.0000
timing__setup__wns__corner:min_ff_n40C_1v95,0.0000
timing__setup__wns__corner:min_ss_100C_1v60,-2.0060
timing__setup__wns__corner:min_tt_025C_1v80,0.0000
timing__setup__wns__corner:nom_ff_n40C_1v95,0.0000
timing__setup__wns__corner:nom_ss_100C_1v60,-2.0114
timing__setup__wns__corner:nom_tt_025C_1v80,0.0000
timing__setup__ws,-2.0232
timing__setup__ws__corner:max_ff_n40C_1v95,5.7337
timing__setup__ws__corner:max_ss_100C_1v60,-2.0232
timing__setup__ws__corner:max_tt_025C_1v80,3.8214
timing__setup__ws__corner:min_ff_n40C_1v95,5.7195
timing__setup__ws__corner:min_ss_100C_1v60,-2.0060
timing__setup__ws__corner:min_tt_025C_1v80,3.8451
timing__setup__ws__corner:nom_ff_n40C_1v95,5.7249
timing__setup__ws__corner:nom_ss_100C_1v60,-2.0114
timing__setup__ws__corner:nom_tt_025C_1v80,3.8376
timing__setup_r2r__ws,-2.0232
timing__setup_r2r__ws__corner:max_ff_n40C_1v95,6.8328
timing__setup_r2r__ws__corner:max_ss_100C_1v60,-2.0232
timing__setup_r2r__ws__corner:max_tt_025C_1v80,3.8214
timing__setup_r2r__ws__corner:min_ff_n40C_1v95,6.8363
timing__setup_r2r__ws__corner:min_ss_100C_1v60,-2.0060
timing__setup_r2r__ws__corner:min_tt_025C_1v80,3.8451
timing__setup_r2r__ws__corner:nom_ff_n40C_1v95,6.8353
timing__setup_r2r__ws__corner:nom_ss_100C_1v60,-2.0114
timing__setup_r2r__ws__corner:nom_tt_025C_1v80,3.8376
timing__setup_r2r_vio__count,298
timing__setup_r2r_vio__count__corner:max_ff_n40C_1v95,0
timing__setup_r2r_vio__count__corner:max_ss_100C_1v60,101
timing__setup_r2r_vio__count__corner:max_tt_025C_1v80,0
timing__setup_r2r_vio__count__corner:min_ff_n40C_1v95,0
timing__setup_r2r_vio__count__corner:min_ss_100C_1v60,98
timing__setup_r2r_vio__count__corner:min_tt_025C_1v80,0
timing__setup_r2r_vio__count__corner:nom_ff_n40C_1v95,0
timing__setup_r2r_vio__count__corner:nom_ss_100C_1v60,99
timing__setup_r2r_vio__count__corner:nom_tt_025C_1v80,0
timing__setup_vio__count,298
timing__setup_vio__count__corner:max_ff_n40C_1v95,0
timing__setup_vio__count__corner:max_ss_100C_1v60,101
timing__setup_vio__count__corner:max_tt_025C_1v80,0
timing__setup_vio__count__corner:min_ff_n40C_1v95,0
timing__setup_vio__count__corner:min_ss_100C_1v60,98
timing__setup_vio__count__corner:min_tt_025C_1v80,0
timing__setup_vio__count__corner:nom_ff_n40C_1v95,0
timing__setup_vio__count__corner:nom_ss_100C_1v60,99
timing__setup_vio__count__corner:nom_tt_025C_1v80,0
timing__unannotated_net__count,489
timing__unannotated_net__count__corner:max_ff_n40C_1v95,489
timing__unannotated_net__count__corner:max_ss_100C_1v60,489
timing__unannotated_net__count__corner:max_tt_025C_1v80,489
timing__unannotated_net__count__corner:min_ff_n40C_1v95,489
timing__unannotated_net__count__corner:min_ss_100C_1v60,489
timing__unannotated_net__count__corner:min_tt_025C_1v80,489
timing__unannotated_net__count__corner:nom_ff_n40C_1v95,489
timing__unannotated_net__count__corner:nom_ss_100C_1v60,489
timing__unannotated_net__count__corner:nom_tt_025C_1v80,489
timing__unannotated_net_filtered__count,0
timing__unannotated_net_filtered__count__corner:max_ff_n40C_1v95,0
timing__unannotated_net_filtered__count__corner:max_ss_100C_1v60,0
timing__unannotated_net_filtered__count__corner:max_tt_025C_1v80,0
timing__unannotated_net_filtered__count__corner:min_ff_n40C_1v95,0
timing__unannotated_net_filtered__count__corner:min_ss_100C_1v60,0
timing__unannotated_net_filtered__count__corner:min_tt_025C_1v80,0
timing__unannotated_net_filtered__count__corner:nom_ff_n40C_1v95,0
timing__unannotated_net_filtered__count__corner:nom_ss_100C_1v60,0
timing__unannotated_net_filtered__count__corner:nom_tt_025C_1v80,0
